{
    "logistic_regression": {
        "accuracy": 0.8255,
        "precision": 0.3823,
        "recall": 0.5234,
        "f1_score": 0.4418,
        "roc_auc": 0.7496,
        "confusion_matrix": [
            [
                14595,
                2154
            ],
            [
                1214,
                1333
            ]
        ],
        "classification_report": {
            "0": {
                "precision": 0.9232082990701499,
                "recall": 0.8713953071825183,
                "f1-score": 0.8965538423736101,
                "support": 16749.0
            },
            "1": {
                "precision": 0.38227702896472615,
                "recall": 0.5233608166470357,
                "f1-score": 0.4418296320848525,
                "support": 2547.0
            },
            "accuracy": 0.8254560530679934,
            "macro avg": {
                "precision": 0.6527426640174381,
                "recall": 0.697378061914777,
                "f1-score": 0.6691917372292313,
                "support": 19296.0
            },
            "weighted avg": {
                "precision": 0.8518073898164955,
                "recall": 0.8254560530679934,
                "f1-score": 0.836531943347622,
                "support": 19296.0
            }
        }
    },
    "random_forest": {
        "accuracy": 0.8424,
        "precision": 0.4201,
        "recall": 0.51,
        "f1_score": 0.4607,
        "roc_auc": 0.7605,
        "confusion_matrix": [
            [
                14956,
                1793
            ],
            [
                1248,
                1299
            ]
        ],
        "classification_report": {
            "0": {
                "precision": 0.9229819797580844,
                "recall": 0.8929488327661352,
                "f1-score": 0.90771705155828,
                "support": 16749.0
            },
            "1": {
                "precision": 0.4201164294954722,
                "recall": 0.5100117785630153,
                "f1-score": 0.46071998581308743,
                "support": 2547.0
            },
            "accuracy": 0.8424025704809287,
            "macro avg": {
                "precision": 0.6715492046267783,
                "recall": 0.7014803056645753,
                "f1-score": 0.6842185186856837,
                "support": 19296.0
            },
            "weighted avg": {
                "precision": 0.8566056034874131,
                "recall": 0.8424025704809286,
                "f1-score": 0.8487151067794136,
                "support": 19296.0
            }
        }
    }
}